Brand,Dealer Name Thai,Location,Dealer Name Eng,Location,Tel,Map,Latitude,Longitude
HONDA,บริษัท 002 เซอร์วิส เซ็นเตอร์ จำกัด,1/102 ถนนปิ่นเกล้า-นครชัยศรี แขวงฉิมพลี เขตตลิ่งชัน กรุงเทพมหานคร 10170,"002 Service centre Co., Ltd.","1/102 Pinklao-Nakornchaisri Road, Chimplee, Talingchan, Bangkok 10170",0 2880 8144,https://goo.gl/maps/J4hHVwuMRft,13.78249316,100.4516622
HONDA,บริษัท กัลปพฤกษ์ ฮอนด้า ออโตโมบิล จำกัด,9/9 หมู่ที่ 6 ถนนกัลปพฤกษ์ แขวงบางขุนเทียน เขตจอมทอง กรุงเทพมหานคร 10150,"Kalapapruk Honda Automobile Co., Ltd.","9/9 Moo 6 Kanlapaphruek Road, Bangkhunthian, Jomthong, Bangkok 10150",0 2454 5555,https://goo.gl/maps/6JqS6UdQE3A2,13.69933424,100.4412018
HONDA,บริษัท กาญจนาภิเษก ฮอนด้า ออโตโมบิล จำกัด,272 ถนนกาญจนาภิเษก แขวงฉิมพลี เขตตลิ่งชัน กรุงเทพมหานคร 10170,"Kanjanapisek Honda Automobile Co., Ltd.","272 Kanchanapisek Road, Shimplee, Talingchan, Bangkok 10170",0 2115 3000,https://goo.gl/maps/38YuczzF7542,13.79508254,100.4105528
HONDA,บริษัท กิจไพศาล ฮอนด้าคาร์ส์ จำกัด,129 หมู่ที่ 1 ถนนปิ่นเกล้า-นครชัยศรี สาย 5 ตำบลบางเตย อำเภอสามพราน จังหวัดนครปฐม 73210,"Kitpaisarn Honda Cars Co., Ltd.","129 Moo 1 Pinklao - Nakhonchaisi Road, Bangtoei, Samphran, Nakhonpathom 73210",0 2889 5225,https://goo.gl/maps/NfMXF6HJPy72,13.78728942,100.3007125
HONDA,บริษัท คลองหลวง ฮอนด้า ออโตโมบิล จำกัด,63 หมู่ที่ 7 ถนนคลองหลวง ตำบลคลองสอง อำเภอคลองหลวง จังหวัดปทุมธานี 12120,"Klongluang Honda Automobile Co., Ltd.","63 Moo 7 Klongluang Road, Klongsong, Klongluang, Pathumthani 12120",0 2524 2144,https://goo.gl/maps/qpPHmSPn3ru,14.06548284,100.6496944
HONDA,บริษัท ช.กรุ๊ป ฮอนด้า ออโตโมบิล จำกัด,99/469 หมู่ที่ 10 ถนนพหลโยธิน ตำบลคลองหนึ่ง อำเภอคลองหลวง จังหวัดปทุมธานี 12120,"Chor Group Honda Automobile Co., Ltd.","99/469 Moo 10 Phaholyothin Road, Klong Neung, Klong Luang, Pathumthani 12120",0 2908 4030,https://goo.gl/maps/vtv4mXNj33G2,14.09148673,100.6189875
HONDA,บริษัท ซัมมิท ฮอนด้า ออโตโมบิล จำกัด (สาขา บางนา),929 ถนนเทพรัตน แขวงบางนาเหนือ เขตบางนา กรุงเทพมหานคร 10260,"Summit Honda Automobile Co., Ltd. (Bangna Branch)","929 Debaratana Road, Bangna Nuea, Bangna, Bangkok 10260",1334,https://goo.gl/maps/8aRx1cJMsjkF3shS8,13.66525093,100.6495861
HONDA,บริษัท ซัมมิท ฮอนด้า ออโตโมบิล จำกัด (สาขา พัฒนาการ),88 ซอยพัฒนาการ 30 ถนนพัฒนาการ แขวงสวนหลวง เขตสวนหลวง กรุงเทพมหานคร 10250,"Summit Honda Automobile Co., Ltd. (Phatthanakan Branch)","88 Phatthanakan Road, Suanluang, Suanluang, Bangkok 10250",0 2710 9999,https://goo.gl/maps/Eh1M1VmJWmr,13.73604363,100.6186023
HONDA,บริษัท ซัมมิท ฮอนด้า ออโตโมบิล จำกัด (สาขา หัวหมาก),825 ถนนรามคำแหง แขวงหัวหมาก เขตบางกะปิ กรุงเทพมหานคร 10240,"Summit Honda Automobile Co., Ltd. (Huamark)","825 Ramkhamhaeng Road, Hua Mak, Bang Kapi, Bangkok 10240",0 2732 2680,https://goo.gl/maps/xrVwhiQd4R92,13.76317678,100.6395082
HONDA,บริษัท ซัมมิท ฮอนด้า ออโตโมบิล จำกัด (สาขา อุดมสุข),530 ถนนศรีนครินทร์ แขวงหนองบอน เขตประเวศ กรุงเทพมหานคร 10250,"Summit Honda Automobile Co., Ltd. (Udom Suk)","530 Srinagarindra Road, Nong Bon, Prawet, Bangkok 10250",0 2398 8888,https://goo.gl/maps/93BKz5u39w32,13.67744932,100.6456527
HONDA,บริษัท ดุสิต ฮอนด้า ออโตโมบิล จำกัด,956/9 ถนนนครไชยศรี แขวงถนนนครไชยศรี เขตดุสิต กรุงเทพมหานคร 10300,"Dusit Honda Automobile Co., Ltd.","56/9 Nakhonchaisi Road, Thanonnakhonchaisi, Dusit, Bangkok 10300",0 2241 1122,https://goo.gl/maps/Hx43BwdePmp,13.7831241,100.5158379
HONDA,บริษัท ตลิ่งชัน ฮอนด้า ออโตโมบิล จำกัด,299 ถนนบรมราชชนนี แขวงฉิมพลี เขตตลิ่งชัน กรุงเทพมหานคร 10170,"Talingchan Honda Automobile Co., Ltd.","299 Borommaratchachonnani Road, Chim Phli, Taling Chan, Bangkok 10170",0 2422 4477,https://goo.gl/maps/VdWv1bxsVyp,13.78198966,100.4176004
HONDA,บริษัท ธนบุรี ฮอนด้าคาร์ส์ จำกัด,4 ถนนกาญจนาภิเษก แขวงบางแค เขตบางแค กรุงเทพมหานคร 10160,"Thonburi Honda Cars Co., Ltd.","4 Kanchanaphisek Road, Bangkhae, Bangkhae, Bangkok 10160",0 2803 2223,https://goo.gl/maps/x3eD3MbHXb12,13.67794459,100.4073182
HONDA,บริษัท ธัญบุรี ฮอนด้าคาร์ส์ จำกัด,139 หมู่ที่ 4 ถนนรังสิต-องครักษ์ ตำบลรังสิต อำเภอธัญบุรี จังหวัดปทุมธานี 12110,"Thanyaburi Honda Cars Co., Ltd.","139 Moo 4 Rangsit - Ongkharak Road, Rangsit, Thanyaburi, Pathumthani 12110",0 2904 6592,https://goo.gl/maps/tme9FxCSypR2,14.0305461,100.7416541
HONDA,บริษัท ธัญบุรี ฮอนด้าคาร์ส์ จำกัด (สาขา ลำลูกกา),9/3 หมู่ที่ 7 ตำบลลาดสวาย อำเภอลำลูกกา จังหวัดปทุมธานี 12150,"Thanyaburi Honda Cars Co., Ltd. (Lamlukka Branch)","9/3 Moo 7, Latsawai, Lamlukka, Pathumthani 12150",0 2147 5252,https://goo.gl/maps/RiakkJ6UoVS2,13.93333574,100.6805923
HONDA,บริษัท นครปฐม ฮอนด้า ออโตโมบิล จำกัด,2222 ถนนเพชรเกษม ตำบลห้วยจรเข้ อำเภอเมืองนครปฐม จังหวัดนครปฐม 73000,"Nakornprathom Honda Automobile Co., Ltd.","2222 Petchakasem Road, Huaichorakhe, Mueang Nakhonpathom, Nakhonpathom 73000",0 3425 6000,https://goo.gl/maps/js5HAmjsLj32,13.81942649,100.0751634
HONDA,บริษัท นครินทร์ ฮอนด้าคาร์ส์ จำกัด,888 ถนนศรีนครินทร์ แขวงสวนหลวง เขตสวนหลวง กรุงเทพมหานคร 10250,"Nakarin Honda Cars Co., Ltd.","888 Srinakarin Road, Suanluang, Suanluang, Bangkok 10250",0 2730 2000,https://goo.gl/maps/nTVqqEgUB532,13.72704569,100.6412312
HONDA,บริษัท นนทบุรี ฮอนด้าคาร์ส์ จำกัด,234 หมู่ที่ 4 ถนนตลิ่งชัน - สุพรรณบุรี ตำบลบางรักพัฒนา อำเภอบางบัวทอง จังหวัดนนทบุรี 11000,"Nonthaburi Honda Cars Co., Ltd.","234 Moo 4, Taling Chan-Suphan Buri Road, Bang Rak Phatthana, Bang Bua Thong District, Nonthaburi 11110",0 2927 9955,https://goo.gl/maps/4oCSuBYhPc12,13.88607343,100.4090774
HONDA,บริษัท นวมินทร์ ฮอนด้า ออโตโมบิล จำกัด,15/2-4 ถนนนวมินทร์ แขวงนวมินทร์ เขตบึงกุ่ม กรุงเทพมหานคร 10230,"Nawamin Honda Automobile Co., Ltd.","15/2-4 Nawamin Road, Nawamin, Buengkum, Bangkok 10230",0 2510 3389,https://goo.gl/maps/dt8FtGSeZrD2,13.80774407,100.6487771
HONDA,บริษัท บางปู ฮอนด้า ออโตโมบิล จำกัด,123 หมู่ที่ 6 ถนนสุขุมวิท ตำบลบางปูใหม่ อำเภอเมืองสมุทรปราการ จังหวัดสมุทรปราการ 10280,"Bangpoo Honda Automobile Co., Ltd.","123 Moo 6, Bang Pu Mai, Mueang Samut Prakan District, Samut Prakan 10280",0 2323 3111,https://goo.gl/maps/T4idSPrZjAo,13.53325575,100.6291106
HONDA,บริษัท บางพลี ฮอนด้า ออโตโมบิล จำกัด,70 หมู่ที่ 13 ถนนบางนา-ตราด กม.10 ตำบลบางพลีใหญ่ อำเภอบางพลี จังหวัดสมุทรปราการ 10540,"Bangplee Honda Automobile Co., Ltd.","70 Moo 1 Bangna-Tart Road km. 10, Banghliyai, Bangphli, Samutprakarn 10540",0 2316 3333,https://goo.gl/maps/6Byte1PLHY92,13.6410454,100.6999382
HONDA,บริษัท บางเขน ฮอนด้าคาร์ส์ จำกัด,357 ถนนพหลโยธิน แขวงอนุสาวรีย์ เขตบางเขน กรุงเทพมหานคร 10220,"Bangkhen Honda Cars Co., Ltd.","357 Phahonyothin Road, Anusawari, Bangkhen, Bangkok 10220",0 2972 4455,https://goo.gl/maps/fSifkmY5uyx,13.88622569,100.6024571
HONDA,บริษัท ปิ่นเกล้า ฮอนด้าคาร์ส์ จำกัด,22 ถนนบรมราชชนนี แขวงฉิมพลี เขตตลิ่งชัน กรุงเทพมหานคร 10170,"Pinklao Honda Cars Co., Ltd.","22 Borommaratchachonnani Road, Chimphli, Talingchan, Bangkok 10170",0 2884 1875,https://goo.gl/maps/LuDKXfPSbEU2,13.78123556,100.4449434
HONDA,บริษัท พระนคร ฮอนด้า ออโตโมบิล จำกัด (สาขา บางซื่อ),254 ถนนกรุงเทพ-นนทบุรี แขวงบางซื่อ เขตบางซื่อ กรุงเทพมหานคร 10800,"Phranakorn Honda Automobile Co., Ltd. (Bangsue Branch)","254 Bangkok-Nonthaburi Road, Bangsue, Bangsue, Bangkok 10800",0 2911 3111,https://goo.gl/maps/hkrws3V5tyo,13.80904931,100.5312779
HONDA,บริษัท ราชพฤกษ์ ฮอนด้า ออโตโมบิล จำกัด,222 หมู่ที่ 2 ถนนราชพฤกษ์ ตำบลบางรักน้อย อำเภอเมืองนนทบุรี จังหวัดนนทบุรี 11000,"Ratchaphruek Honda Automobile Co., Ltd.","222 Moo 2 Ratchaphruek Road, Bangrak noi, Mueang Nonthaburi, Nonthaburi 11000",0 2195 7000,https://goo.gl/maps/s2vgmoqEqRx,13.86394393,100.4512709
HONDA,บริษัท รามอินทรา ฮอนด้า ออโตโมบิล จำกัด,9/9 ถนนคู้บอน แขวงบางชัน เขตคลองสามวา กรุงเทพมหานคร 10510,"Ramintra Honda Automobile Co., Ltd.","9/9 Kubon Road, Bangchan, Khlong samwa, Bangkok 10510",0 2181 1555,https://goo.gl/maps/Y7rTkrKLmf12,13.85688089,100.6763167
HONDA,บริษัท รามอินทรา ฮอนด้าคาร์ส์ จำกัด,88 ถนนรามอินทรา แขวงรามอินทรา เขตคันนายาว กรุงเทพมหานคร 10230,"Ramintra Honda Cars Co., Ltd.","88 Ramintra Road, Ramintra, Khannayao, Bangkok 10230",0 2510 4545,https://goo.gl/maps/BhEA5EJU9vE2,13.84438263,100.6650299
HONDA,บริษัท วอง ฮอนด้า คาร์ส์ จำกัด (สาขา บางบัว - ศรีปทุม),"อาคาร 1-5, เลขที่ 2629 ถนนพหลโยธิน แขวงลาดยาว เขตจตุจักร จังหวัดกรุงเทพมหานคร 10900","Wong Honda Cars Co., Ltd. (Sripatum Branch)","Building 1-5, 2629 Phahonyothin Rd., Ladyao , Jatujak , Bangkok Province 10900",0 2502 9999,https://goo.gl/maps/jBa1bLayBkePyUXw8,13.85665445,100.583791
HONDA,บริษัท วอง ฮอนด้า คาร์ส์ จำกัด (สาขา พญาไท),999 ถนนพหลโยธิน แขวงสามเสนใน เขตพญาไท กรุงเทพมหานคร 10400,"Wong Honda Cars Co., Ltd. (Phayathai Branch)","999 Phahonyothin Road, Samsennai, Phayathai, Bangkok 10400",0 2502 9999,https://goo.gl/maps/iwT3yTQqwLm,13.77136821,100.5412027
HONDA,บริษัท วอง ฮอนด้า คาร์ส์ จำกัด (สาขา รังสิต),เลขที่ 6 ถนนพหลโยธิน ตำบลประชาธิปัตย์ อำเภอธัญบุรี จังหวัดปทุมธานี 12130,"Wong Honda Cars Co., Ltd. (Rangsit Branch)","6, Prachathipat, Thanyaburi, Pathumthani 12130",0 2502 9999,https://goo.gl/maps/t96z1DJXe352,13.97069428,100.6193333
HONDA,บริษัท วอง ฮอนด้า คาร์ส์ จำกัด (สาขา สายไหม ถนนสุขาภิบาล 5),1 ถนนสุขาภิบาล 5 แขวงออเงิน เขตสายไหม กรุงเทพมหานคร 10220,"Wong Honda Cars Co., Ltd. (Saimai Sukhaphiban 5 Road Branch)","1 Sukhaphiban 5 Road, O Ngoen, Sai Mai, Bangkok 10220",0 2502 9999,https://goo.gl/maps/CmroBM2tXAz,13.90613496,100.6699262
HONDA,บริษัท วี.กรุ๊ป ฮอนด้าคาร์ส์ จำกัด (สาขา บางกอกน้อย),665/5 ถนนจรัญสนิทวงศ์ แขวงอรุณอัมรินทร์ เขตบางกอกน้อย กรุงเทพมหานคร 10700,"V.Group Honda Cars Co., Ltd. (Bangkoknoi Branch)","665/5 Charansanitwong Road, Arunamarin, Bangkoknoi, Bangkok 10700",0 2434 5555,https://goo.gl/maps/psiLkSbGP55XGk8C7,13.76827619,100.4764547
HONDA,บริษัท วี.กรุ๊ป ฮอนด้าคาร์ส์ จำกัด (สาขา ปากเกร็ด - เมืองทอง),345 หมู่ที่ 3 ถนนติวานนท์ ตำบลบ้านใหม่ อำเภอปากเกร็ด จังหวัดนนทบุรี 11120,"V.Group Honda Cars Co., Ltd. (Pakkred-Muang Thong Branch)","345 Moo 3, Banmai, Pakkred, Nonthaburi 11120",0 2582 3333,https://goo.gl/maps/Cs2tajsWs8P2,13.9360154,100.5371288
HONDA,บริษัท วี.กรุ๊ป ฮอนด้าคาร์ส์ จำกัด (สาขา หนองแขม),1052 ถ.เพชรเกษม แขวงบางแคเหนือ เขตบางแค กรุงเทพมหานคร 10160,"V.Group Honda Cars Co., Ltd. (Nong Kham Branch)","1052 Petchakasem Road, Khwaeng Bang Khae Nuea, Bangkhae, Bangkok 10160",0 2421 6666,https://goo.gl/maps/pxoSB2vqXVM2,13.70858523,100.374544
HONDA,บริษัท วี.กรุ๊ป ฮอนด้าคาร์ส์ จำกัด (สาขา แจ้งวัฒนะ),34/39 หมู่ที่ 1 ถนนแจ้งวัฒนะ ตำบลคลองเกลือ อำเภอปากเกร็ด จังหวัดนนทบุรี 11000,"V.Group Honda Cars Co., Ltd. (Chaeng Watthana)","34/39 Moo 1 Chaeng Watthana Rd, Khlong Kluea, Pak Kret District, Nonthaburi 11120",0 2575 6666,https://goo.gl/maps/9Coge5GKCKP2,13.89877943,100.5504831
HONDA,บริษัท สมุทรปราการ ฮอนด้าคาร์ส์ (1996) จำกัด,40/49 หมู่ที่ 5 ถนนศรีนครินทร์ ตำบลบางเมือง อำเภอเมืองสมุทรปราการ จังหวัดสมุทรปราการ 10270,"Samutprakarn Honda Cars (1996) Co., Ltd.","40/49 Moo 5 Sri Nakharin Road , Bangmueang, Mueang Samutprakarn, Samutprakarn 10270",0 2385 6161,https://goo.gl/maps/LZvSCsYG9RU2,13.60931368,100.617344
HONDA,บริษัท สมุทรปราการ ฮอนด้าคาร์ส์ (1996) จำกัด สาขา นครรังสิต,801/9 ถนนพหลโยธิน ตำบลประชาธิปัตย์ อำเภอธัญบุรี จังหวัดปทุมธานี 12130,"Samutprakarn Honda Cars (1996) Co., Ltd. Nakorn Rangsit Branch","801/9 Phaholyothin Road, Prachathipat Subdistrict, Thanyaburi District, Pathum Thani 12130",0 2958 4891,https://maps.app.goo.gl/CqhxxoxHP58BVjCd8,13.99921074,100.6141648
HONDA,บริษัท สมุทรสาคร ฮอนด้าคาร์ส์ จำกัด,99/9 หมู่ที่ 8 ถนนพระราม 2 กม.28 ตำบลท่าทราย อำเภอเมืองสมุทรสาคร จังหวัดสมุทรสาคร 74000,"Samutsakhon Honda Cars Co., Ltd.","99/9 Moo 8 Rama 2 Road km.28, Thasai, Mueang Samutsakhon, Samutsakhon 74000",0 3483 7307,https://goo.gl/maps/rm2XjQ68jrB2,13.56333548,100.2782935
HONDA,บริษัท สยาม ไอ.บี. ฮอนด้า ออโตโมบิล ฉลองกรุง จำกัด,666/6 ถนนฉลองกรุง แขวงลำปลาทิว เขตลาดกระบัง กทม. 10520,"Siam I.B. Honda Automobiles Chalongkrung Co., Ltd.","666/6 Thanon Chalong Krung, Lam Pla Thio, Lat Krabang, Bangkok 10520",0 2360 5050,https://goo.gl/maps/cRYAUKRLwC42,13.75998269,100.7961067
HONDA,บริษัท สยาม ไอ.บี. ฮอนด้า ออโตโมบิล หนองจอก จำกัด,88/8 ถนนสุวินทวงศ์ แขวงลำผักชี เขตหนองจอก กรุงเทพมหานคร 10530,"Siam I.B. Honda Automobiles Nongchok Co., Ltd.","88/8 Suwinthawong Road, Lam Phak Chi Subdistrict, Nong Chok District, Bangkok 10530",0 2919 9888,https://maps.app.goo.gl/UttBucBD2LBo8Ah37,13.8085773,100.8262829
HONDA,บริษัท สาครบุรี ฮอนด้า ออโตโมบิล จำกัด,55/5 หมู่ที่ 1 ถนนพระราม 2 กม.16 ตำบลบางน้ำจืด อำเภอเมืองสมุทรสาคร จังหวัดสมุทรสาคร 74000,"Sakhonburi Honda Automobile Co., Ltd.","55/5 Moo 1 Rama 2 Road KM.16, Bangnamchuet, Mueang Samutsakhon, Samutsakhon 74000",0 3444 1888,https://goo.gl/maps/qL2kiZUZxto,13.60197369,100.3684195
HONDA,บริษัท สาธร ฮอนด้า คาร์ส์ จำกัด (สาขา แยกสาทร-นราธิวาส),8 ซอยนราธิวาสราชนครินทร์ 12 แขวงทุ่งวัดดอน เขตสาทร จังหวัดกรุงเทพมหานคร 10120,"Sathon Honda Cars Co., Ltd. (Sathorn-Naradhiwas Intersection Branch)","8 Soi Naradhiwas Rajanagarindra 12, Thung Wat Don, Sathon, Bangkok 10120",0 2637 9080,https://goo.gl/maps/1cPJugJHRZts8ZoT6,13.71462639,100.5333096
HONDA,บริษัท สาธร ฮอนด้าคาร์ส์ จำกัด,101ถนนสุรศักดิ์ แขวงสีลม เขตบางรัก กรุงเทพมหานคร 10500,"Sathon Honda Cars Co., Ltd.","101 Surasak Road, Silom, Bangrak, Bangkok 10500",0 2637 9080,https://goo.gl/maps/ngJDHbuoXgv,13.71943691,100.5203227
HONDA,บริษัท สุขาภิบาล 3 ฮอนด้า ออโตโมบิล จำกัด,99 ถนนรามคำแหง แขวงราษฏร์พัฒนา เขตสะพานสูง กรุงเทพมหานคร 10240,"Sukhaphiban 3 Honda Automobile Co., Ltd.","99 Ramkhamhaeng Road, Ratphatthana, Saphansung, Bangkok 10240",0 2373 9999,https://goo.gl/maps/SHQgDugZ49T2,13.78739589,100.6910833
HONDA,บริษัท อ่อนนุช ฮอนด้า ออโตโมบิล จำกัด,222 ถนนอ่อนนุช แขวงประเวศ เขตประเวศ กรุงเทพมหานคร 10250,"On Nut Honda Automobile Co., Ltd.","222 On Nut Road, Prawet, Prawet, Bangkok 10250",0 2320 3999,https://goo.gl/maps/C7VsmML2uEt,13.71940444,100.6774544
HONDA,บริษัท ฮอนด้า บ้านใหม่ ปทุมธานี จำกัด,199/99 หมู่ที่ 1 ถนนติวานนท์ ตำบลบ้านใหม่ อำเภอเมืองปทุมธานี จังหวัดปทุมธานี 12000,"Honda Banmai Pathum Thani Co., Ltd.","199/99 Moo 1 Tiwanon Road, Banmai, Mueang Pathumthani, Pathumthani 12000",0 2501 3111,https://goo.gl/maps/fMvfe11qFZ92,13.95894429,100.5507949
HONDA,บริษัท ฮอนด้า พรีเมียร์ แพรกษา จำกัด,995 หมู่ที่ 2  ตำบลแพรกษาใหม่  อำเภอเมืองสมุทรปราการ  จังหวัดสมุทรปราการ 10280,"Honda Premier Phraeksa Co., Ltd.","995 Moo 2, Prakasa Road Phraek Sa Mai, Mueang Samut Prakan District, Samut Prakan 10540",0 2136 2155,https://goo.gl/maps/J4sQDt3tkfL2,13.56209404,100.6929678
HONDA,บริษัท ฮอนด้า ออโตโมบิล (ประเทศไทย) จำกัด (สาขา ศรีอยุธยา),350 ถนนศรีอยุธยา แขวงทุ่งพญาไท เขตราชเทวี กรุงเทพมหานคร 10400,"Honda Automobile (Thailand) Co., Ltd. (Si Ayutthaya Branch)","350 Si Ayutthaya Road, Thungphayathai, Ratchathewi, Bangkok 10400",0 2247 2211,https://goo.gl/maps/mGk5K5Rm2iM2,13.75719681,100.5364928
HONDA,บริษัท ฮอนด้า เฟิร์ส จำกัด (สาขา รังสิตคลอง 2),848 ถนนเลียบคลองรังสิต ตำบลประชาธิปัตย์ อำเภอธัญบุรี จังหวัดปทุมธานี 12130,"Honda First Co., Ltd. (Rangsit Khlong 2 Branch)","848 Liap Khlong Rangsit Road, Prachathipat, Thanyaburi, Pathumthani 12130",0 2150 5777,https://goo.gl/maps/GAEtLCDSFfR2,13.98931779,100.6418644
HONDA,บริษัท ฮอนด้า เฟิร์ส จำกัด (สาขา รามคำแหง),911 ถนนรามคำแหง แขวงสวนหลวง เขตสวนหลวง กรุงเทพมหานคร 10250,"Honda First Co., Ltd. (Ramkhamhaeng Branch)","911 Ramkhamhaeng Road, Suanluang, Suanluang, Bangkok 10250",0 2318 5111,https://goo.gl/maps/MeZme2gN7dK2,13.74583454,100.603036
HONDA,บริษัท ฮอนด้า แสงหงส์ โอ.เอช. จำกัด,1658/1 ถนนพระราม 4 แขวงคลองเตย เขตคลองเตย กรุงเทพมหานคร 10110,"Honda Saenghong O.H. Co.,Ltd.","1658/1 Rama 4 Road, Khlongtoey, Khlongtoey, Bangkok 10110",0 2671 9990,https://goo.gl/maps/2eV4muK2zf12,13.71897235,100.563
HONDA,บริษัท ฮอนด้า แสงหงส์ โอ.เอช. จำกัด (ปทุมธานี),69 หมู่ที่ 3 ถนนกรุงเทพ-ปทุมธานี ตำบลบ้านฉาง อำเภอเมืองปทุมธานี จังหวัดปทุมธานี 12000,"Honda Saenghong O.H. Co.,Ltd.","69 Moo 3, Bangkok-Pathumthani Road, Banchang, Mueang Pathumthani, Pathumthani 12000",0 2581 7300,https://maps.app.goo.gl/swrnhX1MH5oq8Ckw8,13.72217556,100.5630325
HONDA,บริษัท ฮอนด้าคาร์ส์ เทพารักษ์ จำกัด,199/2 หมู่ที่ 8 ถนนเทพารักษ์ ตำบลเทพารักษ์ อำเภอเมืองสมุทรปราการ จังหวัดสมุทรปราการ รหัสไปรษณีย์ 10270,"Honda Cars Thepharak Co., Ltd.","199/2 Moo 8 Thapharak Road, Thepharak, Mueang Samutprakarn, Samutprakarn 10270",0 2757 5730,https://goo.gl/maps/dvePLApP526sjd1U9,13.61205788,100.6684142
HONDA,บริษัท เตชะจรัส ฮอนด้า ออโตโมบิล จำกัด,2701/8-9 ถนนลาดพร้าว แขวงคลองเจ้าคุณสิงห์ เขตวังทองหลาง กรุงเทพมหานคร 10310,"Taechajarud Honda Automobile Co., Ltd.","2701/8-9 Latphrao, Khlong Chaokhun Sing, Wangthonglang, Bangkok 10310",0 2935 0000,https://goo.gl/maps/itzJ62eUJ892,13.77827802,100.6242876
HONDA,บริษัท เท็น ฮอนด้า ออโตโมบิล จำกัด,"41/41-42,45,54 หมู่ที่ 3 ตำบลราชาเทวะ อำเภอบางพลี จังหวัดสมุทรปราการ 10540","Ten Honda Automobile Co., Ltd.","41/41-42,45,54 Moo 3, Rachathewa, Bangphli, Samutprakarn 10540",0 2312 4444,https://goo.gl/maps/LZRGR9ZwfvC2,13.65621199,100.7168163
HONDA,บริษัท เพชรบุรีตัดใหม่ ฮอนด้าคาร์ส์ (1994) จำกัด,1757 ถนนเพชรบุรีตัดใหม่ แขวงบางกะปิ เขตห้วยขวาง กรุงเทพมหานคร 10310,"New Petchburi Honda Cars (1994) Co., Ltd.","1757 Petchburi Road, Bangkapi, Huaikhwang, Bangkok 10310",0 2652 9282,https://goo.gl/maps/U7wPXycBTrG2,13.74930294,100.564237
HONDA,บริษัท เมโทร ฮอนด้า ออโตโมบิล จำกัด,111 ถนนสายไหม ซอย 72 แขวงสายไหม เขตสายไหม กรุงเทพมหานคร 10220,"Metro Honda Automobile Co., Ltd.","111 Sai Mai Rd, Khwaeng Sai Mai, Sai Mai, Bangkok 10220",0 2021 2000,https://goo.gl/maps/Abp96eBUBrk,13.92144433,100.6738611
HONDA,บริษัท เวลโกรว์ ฮอนด้า ออโตโมบิล จำกัด,999 หมู่ที่ 5 ถนนบางนา-ตราด กม.35 ตำบลบางพลีน้อย อำเภอบางบ่อ จังหวัดสมุทรปราการ 10560,"Wellgrow Honda Automobile Co., Ltd.","999 Moo.5 Bangna-Trad Km.35 Rd., Bangplee noi, Bangbo, Samutprakarn 10560",0 2338 8888,https://goo.gl/maps/NzzzwMA2eC62,13.5720677,100.9113671
HONDA,บริษัท เอกอินทรา ฮอนด้า ออโตโมบิล จำกัด,265 ถนนประดิษฐ์มนูธรรม แขวงลาดพร้าว เขตลาดพร้าว กรุงเทพมหานคร 10230,"Ek Intra Honda Automobile Co., Ltd.","265 Praditmanutham Road, Latphrao, Latphrao, Bangkok 10230",0 2553 8000,https://goo.gl/maps/51uRaW8RXRR2,13.81435769,100.6212689
HONDA,บริษัท เอชซีเอ็น ฮอนด้า ออโตโมบิล จำกัด,4/10-11 ถนนรัตนาธิเบศร์ ตำบลบางกระสอ อำเภอเมืองนนทบุรี จังหวัดนนทบุรี 11000,"HCN Honda automobile Co., Ltd.","4/10-11 Rattanathibet Road, Bangkraso, Mueang Nonthaburi, Nonthaburi 11000",0 2591 7733,https://goo.gl/maps/ZtrucstZK7M2,13.86240273,100.5044527
HONDA,บริษัท เอชซีเอ็น ฮอนด้า ออโตโมบิล จำกัด (สาขา ติวานนท์),109 ซอยภักดีกุล ถนนติวานนท์ ตำบลบางกระสอ อำเภอเมืองนนทบุรี จังหวัดนนทบุรี 11000,"HCN Honda automobile Co., Ltd. (Tiwanon Branch)","109 Soi Pakdikul Tiwanon Road, Bangkrasor, Mueang Nonthaburi, Nonthaburi 11000",0 2580 2790,https://goo.gl/maps/2FCfAeU8VLS2,13.87488822,100.5157287
HONDA,บริษัท เอชซีเอ็น ฮอนด้า ออโตโมบิล จำกัด (สาขา พระราม 5),88/8 ถนนนครอินทร์ ตำบลบางไผ่ อำเภอเมืองนนทบุรี จังหวัดนนทบุรี 11000,"HCN Honda automobile Co., Ltd. (Praram 5 Branch)","88/8 Nakhon In Road, Bangphai, Mueang, Nonthaburi 11000",0 2447 5555,https://goo.gl/maps/rcQAUTzR7Tk,13.82689456,100.4845501
HONDA,บริษัท เอที ฮอนด้า ออโตโมบิล (กำแพงแสน) จำกัด,124 หมู่ที่ 1 ตำบลทุ่งกระพังโหม อำเภอกำแพงแสน จังหวัดนครปฐม 73140,"AT Honda Automobile (Kamphaengsean) Co., Ltd.","124 Moo 1, Thung Kraphang Hom, Kamphaeng Saen District, Nakhon Pathom 73140",0 3428 1345,https://goo.gl/maps/7yqMSG9VWWP2,13.99496507,99.99507453
HONDA,บริษัท เอที ฮอนด้า ออโตโมบิล (ภาษีเจริญ) จำกัด,689/1 ถนนเพชรเกษม แขวงบางหว้า เขตภาษีเจริญ กรุงเทพมหานคร 10160,"AT Honda Automobile (Phasricharoen) Co., Ltd.","689/1 Petchkasem Road, Bangwa, Phasi Charoen, Bangkok 10160",0 2455 8888,https://goo.gl/maps/1KTNQ3ktdK42,13.71253773,100.4307232
HONDA,บริษัท เอที ฮอนด้า ออโตโมบิล (สามพราน) จำกัด,25/444 หมู่ที่ 4 ถนนเพชรเกษม ตำบลอ้อมใหญ่ อำเภอสามพราน จังหวัดนครปฐม 73160,"AT Honda Automobile (Sampran) Co., Ltd.","25/444 Moo 4 Petchakasem Road, Omyai, Saphran, Nakhonpathom 73160",0 2420 6666,https://goo.gl/maps/CBbY2AQkAjH2,13.70956965,100.2678952
HONDA,บริษัท เอที ฮอนด้า ออโตโมบิล (เอกชัย - บางบอน) จำกัด,1283/1 ถนนเอกชัย แขวงบางบอน เขตบางบอน กรุงเทพมหานคร 10150,"AT Honda Automobile (Ekkachai - Bangbon) Co., Ltd.","1283/1 Ekkachai Road, Bangbon, Bangbon, Bangkok 10150",0 2453 8888,https://goo.gl/maps/ydHbykA8wUA2,13.64426685,100.3793159
HONDA,บริษัท แกรนด์ ฮอนด้า ออโตโมบิล จำกัด,845/1-2 ถนนลาดกระบัง แขวงลาดกระบัง เขตลาดกระบัง กรุงเทพมหานคร 10520,"Grand Honda Automobile Co., Ltd.","845/1-2 Latkrabang Road, Latkrabang, Latkrabang, Bangkok 10520",0 2181 2222,https://goo.gl/maps/DidHa8y5zUT2,13.72295612,100.7343372
HONDA,บริษัท ไนน์ ฮอนด้า ออโตโมบิล จำกัด,"9,9/1 ถนนประเสริฐมนูกิจ แขวงนวลจันทร์ เขตบึงกุ่ม กรุงเทพมหานคร 10230","Nine Honda Automobile Co., Ltd.","9, 9/1, Prasert-Manukit Road, Nuan Chan, Bueng Kum, Bangkok 10230",0 2033 5999,https://goo.gl/maps/Z3rvn14bk9s,13.82368753,100.6307007
,,,,,,,,
,,,,,,,,
,,,,,,,,
,,,,,,,,
,,,,,,,,
,,,,,,,,
,,,,,,,,
,,,,,,,,
,,,,,,,,
,,,,,,,,
,,,,,,,,
,,,,,,,,
,,,,,,,,
,,,,,,,,
,,,,,,,,
,,,,,,,,
,,,,,,,,
,,,,,,,,
,,,,,,,,
,,,,,,,,
,,,,,,,,
,,,,,,,,
,,,,,,,,
,,,,,,,,
,,,,,,,,
,,,,,,,,
,,,,,,,,
,,,,,,,,
,,,,,,,,
,,,,,,,,
,,,,,,,,
,,,,,,,,
,,,,,,,,
,,,,,,,,
,,,,,,,,
,,,,,,,,
,,,,,,,,
,,,,,,,,
,,,,,,,,
,,,,,,,,
,,,,,,,,
,,,,,,,,
,,,,,,,,
,,,,,,,,
,,,,,,,,
,,,,,,,,
,,,,,,,,
,,,,,,,,
,,,,,,,,
,,,,,,,,
,,,,,,,,
,,,,,,,,
,,,,,,,,
,,,,,,,,
,,,,,,,,
,,,,,,,,
,,,,,,,,
,,,,,,,,
,,,,,,,,
,,,,,,,,
,,,,,,,,
,,,,,,,,
,,,,,,,,
,,,,,,,,
,,,,,,,,
,,,,,,,,
,,,,,,,,
,,,,,,,,
,,,,,,,,
,,,,,,,,
,,,,,,,,
,,,,,,,,
,,,,,,,,
,,,,,,,,
,,,,,,,,
,,,,,,,,
,,,,,,,,
,,,,,,,,
,,,,,,,,
,,,,,,,,
,,,,,,,,
,,,,,,,,
,,,,,,,,
,,,,,,,,
,,,,,,,,
,,,,,,,,
,,,,,,,,
,,,,,,,,
,,,,,,,,
,,,,,,,,
,,,,,,,,
,,,,,,,,
,,,,,,,,
,,,,,,,,
,,,,,,,,
,,,,,,,,
,,,,,,,,
,,,,,,,,
,,,,,,,,
,,,,,,,,
,,,,,,,,
,,,,,,,,
,,,,,,,,
,,,,,,,,
,,,,,,,,
,,,,,,,,
,,,,,,,,
,,,,,,,,
,,,,,,,,
,,,,,,,,
,,,,,,,,
,,,,,,,,
,,,,,,,,
,,,,,,,,
,,,,,,,,
,,,,,,,,
,,,,,,,,
,,,,,,,,
,,,,,,,,
,,,,,,,,
,,,,,,,,
,,,,,,,,
,,,,,,,,
,,,,,,,,
,,,,,,,,
,,,,,,,,
,,,,,,,,
,,,,,,,,
,,,,,,,,
,,,,,,,,
,,,,,,,,
,,,,,,,,
,,,,,,,,
,,,,,,,,
,,,,,,,,
,,,,,,,,
,,,,,,,,
,,,,,,,,
,,,,,,,,
,,,,,,,,
,,,,,,,,
,,,,,,,,
,,,,,,,,
,,,,,,,,
